Country,Last 28 days Clicks,Previous 28 days Clicks,Last 28 days Impressions,Previous 28 days Impressions,Last 28 days CTR,Previous 28 days CTR,Last 28 days Position,Previous 28 days Position
India,13635,8500,120058,75043,11.36%,11.33%,6.86,8.01
Indonesia,1922,1190,42101,16232,4.57%,7.33%,6.72,7.73
Pakistan,1804,1218,19399,10504,9.3%,11.6%,6.13,6.49
United States,1761,1141,275905,54845,0.64%,2.08%,11.49,19.85
Brazil,1131,497,18851,8900,6%,5.58%,8.24,9.3
United Arab Emirates,727,538,10358,5557,7.02%,9.68%,6.06,7.38
United Kingdom,604,574,17407,11644,3.47%,4.93%,15.64,19.46
Bangladesh,572,347,4844,2943,11.81%,11.79%,6.41,8.37
Mexico,566,276,6565,3615,8.62%,7.63%,7.69,8.34
Philippines,546,374,11610,6769,4.7%,5.53%,7.85,10.32
Vietnam,538,460,11063,4116,4.86%,11.18%,7.65,9.09
Malaysia,493,326,7105,4226,6.94%,7.71%,7.07,8.45
Canada,437,254,9767,6301,4.47%,4.03%,10.2,12.9
Colombia,333,184,6296,3185,5.29%,5.78%,7.4,8.83
South Africa,309,244,3841,2676,8.04%,9.12%,7,9.25
Saudi Arabia,291,156,2699,1523,10.78%,10.24%,8.08,9.67
Nigeria,277,196,2633,1762,10.52%,11.12%,6.42,6.78
Singapore,238,126,3273,2152,7.27%,5.86%,8.78,12.69
Australia,222,183,6603,5025,3.36%,3.64%,13.17,18.15
Turkey,218,100,3327,1715,6.55%,5.83%,9.43,12.12
Germany,217,143,4572,3221,4.75%,4.44%,11.46,13.27
Peru,199,106,3643,1930,5.46%,5.49%,7.41,8.31
Thailand,186,93,3096,1375,6.01%,6.76%,8.1,10.46
Egypt,181,96,2204,1290,8.21%,7.44%,8.06,10.88
Sri Lanka,164,113,1591,1096,10.31%,10.31%,6.63,8.01
Kenya,158,112,1714,1027,9.22%,10.91%,6.8,7.57
Ecuador,157,99,3761,1909,4.17%,5.19%,7.23,7.95
Italy,151,104,4505,2707,3.35%,3.84%,8.86,10.67
Nepal,114,67,1252,700,9.11%,9.57%,6.76,7.34
France,111,79,4468,2264,2.48%,3.49%,11.06,15.08
Poland,105,52,3122,1776,3.36%,2.93%,9.9,13.31
Netherlands,102,64,3132,1877,3.26%,3.41%,10.84,14.58
Romania,101,65,1928,1177,5.24%,5.52%,7.78,10.09
Argentina,98,43,2051,1104,4.78%,3.89%,9.17,10.31
Chile,94,41,2400,1159,3.92%,3.54%,7.23,8.94
Spain,89,81,3311,2224,2.69%,3.64%,10.38,10.75
Russia,87,51,1871,981,4.65%,5.2%,12.06,11.67
Hong Kong,82,33,1731,958,4.74%,3.44%,8.72,12.07
Venezuela,73,22,1128,552,6.47%,3.99%,7.35,8.33
Tanzania,73,56,457,415,15.97%,13.49%,5.4,6.2
Ethiopia,65,26,691,352,9.41%,7.39%,6.69,7.54
Myanmar (Burma),64,44,2687,1462,2.38%,3.01%,5.86,7.2
Morocco,60,48,1894,822,3.17%,5.84%,8.15,8.77
Iraq,59,40,602,259,9.8%,15.44%,7.33,9.14
South Korea,57,27,2734,1920,2.08%,1.41%,4,4.59
Uzbekistan,57,20,700,245,8.14%,8.16%,6.61,7.4
Portugal,56,37,1192,812,4.7%,4.56%,7.35,9.02
Greece,54,41,1189,804,4.54%,5.1%,8.67,11.01
Qatar,54,38,611,409,8.84%,9.29%,7.45,8.16
Ghana,54,29,500,332,10.8%,8.73%,6.44,7.63
Bolivia,52,32,582,367,8.93%,8.72%,6.85,8.1
Czechia,49,24,1091,524,4.49%,4.58%,8.11,12.46
Ireland,47,33,944,593,4.98%,5.56%,8.39,11.48
Uganda,46,31,429,230,10.72%,13.48%,6.15,6.34
Jordan,41,33,508,303,8.07%,10.89%,7.22,10.53
Sweden,39,27,1103,833,3.54%,3.24%,8.88,10.92
Serbia,39,17,690,440,5.65%,3.86%,7.16,8.43
Switzerland,38,23,844,657,4.5%,3.5%,12.34,21.81
Algeria,38,25,707,348,5.37%,7.18%,8.79,14.45
Taiwan,38,25,567,287,6.7%,8.71%,8.09,11.56
Bulgaria,37,23,726,405,5.1%,5.68%,8.11,8.3
Japan,35,27,1275,588,2.75%,4.59%,6.27,7.32
Belgium,35,31,980,791,3.57%,3.92%,9.64,10.41
Austria,35,23,733,542,4.77%,4.24%,10.67,9.58
China,35,11,619,244,5.65%,4.51%,7.38,10.25
Rwanda,35,22,276,240,12.68%,9.17%,5.93,5.87
Bahrain,34,20,278,196,12.23%,10.2%,7.13,11.74
Oman,33,30,594,278,5.56%,10.79%,7.2,7.21
New Zealand,32,14,841,485,3.8%,2.89%,14.25,14.55
Azerbaijan,32,24,421,217,7.6%,11.06%,7.4,8.15
Guatemala,31,15,393,309,7.89%,4.85%,6.6,7.65
Slovakia,30,15,498,301,6.02%,4.98%,7.13,12.02
Cambodia,29,19,684,295,4.24%,6.44%,8.83,10.34
Israel,28,15,1227,778,2.28%,1.93%,12.32,19.25
Ukraine,28,15,1022,721,2.74%,2.08%,8.51,11.9
Hungary,27,15,738,538,3.66%,2.79%,9.17,12.52
El Salvador,27,21,318,212,8.49%,9.91%,6.72,6.9
Paraguay,26,5,732,244,3.55%,2.05%,7.39,7.73
Zimbabwe,26,19,237,146,10.97%,13.01%,6.3,6.03
Dominican Republic,24,16,715,374,3.36%,4.28%,7.44,8.21
Kazakhstan,24,12,435,209,5.52%,5.74%,7.67,9.81
Costa Rica,24,18,417,281,5.76%,6.41%,6.84,7.44
Honduras,24,14,321,171,7.48%,8.19%,7.31,7.47
Albania,22,11,594,207,3.7%,5.31%,5.72,7.88
Finland,22,12,574,394,3.83%,3.05%,7.23,10.33
Tunisia,21,16,356,206,5.9%,7.77%,7.88,9.15
Panama,20,4,392,173,5.1%,2.31%,6.97,7.61
Kuwait,20,17,331,186,6.04%,9.14%,7.51,7.04
Mozambique,20,6,145,61,13.79%,9.84%,6.76,6.25
Afghanistan,20,8,124,76,16.13%,10.53%,6.06,9.32
Jamaica,19,7,214,84,8.88%,8.33%,7.21,8.71
Norway,18,8,551,380,3.27%,2.11%,9.44,12.12
Lithuania,18,16,501,343,3.59%,4.66%,7.87,9.93
Bhutan,18,10,128,101,14.06%,9.9%,5.9,5.75
Denmark,17,15,878,634,1.94%,2.37%,11.07,21.76
Lebanon,17,23,255,214,6.67%,10.75%,6.58,6.85
Zambia,17,14,195,155,8.72%,9.03%,5.74,5.99
Latvia,16,11,332,170,4.82%,6.47%,8.17,11.52
Armenia,16,9,264,175,6.06%,5.14%,6.94,10.19
Cyprus,15,5,231,140,6.49%,3.57%,8.51,8.64
Trinidad & Tobago,15,8,219,110,6.85%,7.27%,7.05,8.66
Croatia,14,12,491,273,2.85%,4.4%,6.86,9.92
Cuba,14,5,66,39,21.21%,12.82%,5.55,8
Iran,13,38,213,395,6.1%,9.62%,7.47,6.91
Bosnia & Herzegovina,13,10,201,113,6.47%,8.85%,6.68,8.65
Uruguay,12,9,423,220,2.84%,4.09%,7.07,7.85
Moldova,12,6,251,123,4.78%,4.88%,6.98,7.88
Nicaragua,12,7,144,116,8.33%,6.03%,7.92,10.39
Palestine,12,8,142,79,8.45%,10.13%,7.49,7.42
Macedonia,11,6,263,104,4.18%,5.77%,7.72,8.02
Slovenia,11,5,259,176,4.25%,2.84%,8.13,11.82
Cameroon,11,6,117,67,9.4%,8.96%,5.65,7.09
Yemen,11,5,72,45,15.28%,11.11%,7.04,7.42
Georgia,10,22,399,249,2.51%,8.84%,7.27,7.71
Mongolia,10,9,182,74,5.49%,12.16%,7.14,9.24
Mauritius,10,7,145,76,6.9%,9.21%,7.14,8.25
Syria,10,5,93,52,10.75%,9.62%,6.16,7.52
Estonia,9,3,260,162,3.46%,1.85%,7.62,9.81
Puerto Rico,9,1,184,109,4.89%,0.92%,6.87,7.25
Malawi,9,3,93,37,9.68%,8.11%,7.18,8.16
Angola,9,7,93,133,9.68%,5.26%,7.94,20.03
Swaziland,9,2,47,17,19.15%,11.76%,5.64,7.94
Namibia,8,5,121,94,6.61%,5.32%,7.81,8.86
Côte d’Ivoire,8,3,74,55,10.81%,5.45%,8.11,15.49
Fiji,8,4,67,50,11.94%,8%,5.31,6.2
Belarus,7,7,226,163,3.1%,4.29%,8.07,6.47
Brunei,7,7,118,105,5.93%,6.67%,7.3,10.22
Senegal,7,4,85,50,8.24%,8%,7.6,8.78
Malta,6,7,224,139,2.68%,5.04%,7.25,10.01
Luxembourg,6,1,152,59,3.95%,1.69%,6.31,10.39
Libya,6,7,86,47,6.98%,14.89%,9.37,8.49
Benin,6,1,46,10,13.04%,10%,8.74,5.1
Guyana,5,1,88,19,5.68%,5.26%,7.28,16.63
Botswana,5,4,81,75,6.17%,5.33%,6.58,12.61
Maldives,5,7,76,57,6.58%,12.28%,6.64,6.42
Congo - Kinshasa,5,4,64,49,7.81%,8.16%,6.77,5.57
Djibouti,5,0,19,1,26.32%,0%,6.84,9
Somalia,4,8,51,45,7.84%,17.78%,6.22,5.58
Belize,4,2,48,25,8.33%,8%,7.88,12.76
Sudan,4,3,32,37,12.5%,8.11%,5.38,6.97
Mali,4,1,17,7,23.53%,14.29%,6.53,10.29
Papua New Guinea,3,5,77,44,3.9%,11.36%,6.88,6.75
Kosovo,3,3,73,47,4.11%,6.38%,6.97,8.11
Madagascar,3,0,71,42,4.23%,0%,7.32,10.62
Macau,3,0,35,14,8.57%,0%,6.23,7.21
Burundi,3,0,16,6,18.75%,0%,5.69,14
Solomon Islands,3,0,12,6,25%,0%,4.92,4.17
Bahamas,2,3,37,34,5.41%,8.82%,8.41,13.53
Western Sahara,2,0,36,16,5.56%,0%,5.67,7.31
Barbados,2,2,36,13,5.56%,15.38%,7.06,6.38
Togo,2,0,31,16,6.45%,0%,7.06,6.75
Sierra Leone,2,1,25,24,8%,4.17%,7.56,5.33
Liberia,2,1,24,16,8.33%,6.25%,5.58,6.38
Turkmenistan,2,2,19,9,10.53%,22.22%,7.63,4
South Sudan,2,1,18,18,11.11%,5.56%,6.67,7.5
Congo - Brazzaville,2,2,8,10,25%,20%,6.62,8.2
Iceland,1,0,92,26,1.09%,0%,7.28,8.54
Kyrgyzstan,1,1,83,33,1.2%,3.03%,9.29,12.09
Montenegro,1,0,53,40,1.89%,0%,10.51,6.72
Haiti,1,3,27,11,3.7%,27.27%,10.85,10.36
Lesotho,1,2,22,13,4.55%,15.38%,5.36,7.08
Laos,1,2,22,25,4.55%,8%,6.41,6.32
Tajikistan,1,2,21,10,4.76%,20%,6.33,8.5
Suriname,1,2,19,16,5.26%,12.5%,5.89,5.5
Cayman Islands,1,0,19,9,5.26%,0%,7.37,9
Burkina Faso,1,1,15,15,6.67%,6.67%,13.87,13.73
Mauritania,1,0,14,2,7.14%,0%,6.14,4.5
Antigua & Barbuda,1,0,12,5,8.33%,0%,5.5,8.2
Grenada,1,1,10,6,10%,16.67%,10,5.83
Seychelles,1,0,8,13,12.5%,0%,5.75,6.31
Kiribati,1,0,6,2,16.67%,0%,5.67,13
Central African Republic,1,0,3,2,33.33%,0%,7,4
Guernsey,1,0,2,5,50%,0%,2,10.6
Montserrat,1,0,1,0,100%,0%,1,0
Unknown Region,0,0,49,82,0%,0%,7.06,4.7
Timor-Leste,0,1,35,7,0%,14.29%,7.66,9
St. Lucia,0,0,21,4,0%,0%,6.33,5.5
Gambia,0,0,18,8,0%,0%,6.72,5.62
Curaçao,0,1,17,4,0%,25%,7.47,7.5
Andorra,0,0,16,3,0%,0%,7.25,4.67
Chad,0,0,14,1,0%,0%,6.43,12
Isle of Man,0,3,14,21,0%,14.29%,6.64,10.76
Cape Verde,0,0,10,4,0%,0%,8.2,30.5
Guinea,0,2,10,13,0%,15.38%,8.7,7.54
Aruba,0,0,9,3,0%,0%,4.11,8.67
Guam,0,0,9,7,0%,0%,7.22,15.29
U.S. Virgin Islands,0,0,9,4,0%,0%,7.89,5
St. Vincent & Grenadines,0,1,9,6,0%,16.67%,9.33,6.67
Samoa,0,0,9,1,0%,0%,13.22,1
Bermuda,0,0,7,4,0%,0%,6.14,7.5
Northern Mariana Islands,0,0,7,2,0%,0%,6.29,3
Gabon,0,0,7,4,0%,0%,7.57,16.25
Jersey,0,0,6,2,0%,0%,7.33,2.5
Niger,0,0,5,7,0%,0%,6.8,7.71
Guadeloupe,0,0,5,1,0%,0%,9.4,8
Martinique,0,0,5,0,0%,0%,9.6,0
Greenland,0,0,5,0,0%,0%,11,0
Vanuatu,0,1,4,9,0%,11.11%,5.75,8.33
Sint Maarten,0,0,4,2,0%,0%,6.25,14
Réunion,0,0,4,10,0%,0%,7,8.1
Gibraltar,0,0,4,5,0%,0%,8,7.6
French Polynesia,0,0,4,7,0%,0%,8,6.14
Palau,0,0,3,0,0%,0%,3.67,0
Dominica,0,0,3,4,0%,0%,4,7.5
St. Kitts & Nevis,0,0,3,0,0%,0%,8.67,0
Tonga,0,0,3,4,0%,0%,15,6.75
American Samoa,0,0,2,1,0%,0%,3.5,10
Cook Islands,0,0,2,0,0%,0%,3.5,0
Caribbean Netherlands,0,0,2,0,0%,0%,4,0
Guinea-Bissau,0,0,2,0,0%,0%,4.5,0
Equatorial Guinea,0,0,2,4,0%,0%,5,5.25
San Marino,0,0,2,2,0%,0%,6,5
Micronesia,0,0,2,1,0%,0%,6.5,16
Liechtenstein,0,0,2,5,0%,0%,9,6.2
Comoros,0,0,1,2,0%,0%,2,2
North Korea,0,0,1,0,0%,0%,3,0
Turks & Caicos Islands,0,0,1,3,0%,0%,4,6.67
Anguilla,0,0,1,1,0%,0%,5,3
St. Martin,0,0,1,0,0%,0%,5,0
Åland Islands,0,0,1,2,0%,0%,9,7
Antarctica,0,0,1,0,0%,0%,10,0
New Caledonia,0,1,1,7,0%,14.29%,10,10.14
St. Helena,0,0,1,0,0%,0%,11,0
Monaco,0,0,0,11,0%,0%,0,37
British Virgin Islands,0,0,0,7,0%,0%,0,8
Mayotte,0,0,0,1,0%,0%,0,59