Top pages,Last 28 days Clicks,Previous 28 days Clicks,Last 28 days Impressions,Previous 28 days Impressions,Last 28 days CTR,Previous 28 days CTR,Last 28 days Position,Previous 28 days Position
https://freetoolonline.com/zip-file.html,19425,13560,464540,164123,4.18%,8.26%,9.1,9.92
https://freetoolonline.com/remove-zip-password.html,6062,2875,26802,14308,22.62%,20.09%,6.5,7.16
https://freetoolonline.com/md5-converter.html,2025,1247,31311,18070,6.47%,6.9%,8.04,9.84
https://freetoolonline.com/camera-test.html,1164,389,14374,5483,8.1%,7.09%,13.23,19.06
https://freetoolonline.com/lcd-test.html,1026,117,50595,8956,2.03%,1.31%,7.18,8.66
https://freetoolonline.com/,438,369,8402,6321,5.21%,5.84%,7.14,11.35
https://freetoolonline.com/heic-to-jpg.html,298,297,27540,21279,1.08%,1.4%,15.41,17.97
https://freetoolonline.com/extract-gif-to-image-frames.html,221,193,18411,15493,1.2%,1.25%,7.08,7.24
https://freetoolonline.com/preflight-pdf.html,156,141,2338,1582,6.67%,8.91%,6.64,7.73
https://freetoolonline.com/photo-editor.html,151,104,1270,800,11.89%,13%,11.6,19.27
https://freetoolonline.com/ffmpeg-online.html,137,71,3223,1539,4.25%,4.61%,6.95,8.06
https://freetoolonline.com/crop-image.html,106,60,1717,1011,6.17%,5.93%,6.95,8.57
https://freetoolonline.com/unzip-file.html,81,30,2951,1811,2.74%,1.66%,19.39,40.15
https://freetoolonline.com/imagemagick-online.html,71,85,663,596,10.71%,14.26%,10.19,14.51
https://freetoolonline.com/convert-time-in-millisecond-to-date.html,49,47,11537,9865,0.42%,0.48%,6.44,6.95
https://freetoolonline.com/do-nong-do-con-truc-tuyen.html,48,265,775,1028,6.19%,25.78%,4.05,4.95
https://freetoolonline.com/remove-pdf-password.html,21,9,1729,1365,1.21%,0.66%,54.97,74.43
https://freetoolonline.com/resize-image.html,20,17,660,451,3.03%,3.77%,7.68,13.28
https://freetoolonline.com/cong-cu-chuyen-doi-chu-quoc-ngu-tieng-viet-thanh-tieq-viet-kieu-moi.html,20,14,343,366,5.83%,3.83%,4.99,5.28
https://freetoolonline.com/js-unminifier.html,11,7,2715,2901,0.41%,0.24%,9.77,9.61
https://freetoolonline.com/pdf-to-html.html,9,4,696,868,1.29%,0.46%,30.86,53.79
https://freetoolonline.com/get-jpeg-compression-level.html,9,6,297,218,3.03%,2.75%,8,8
https://freetoolonline.com/split-pdf-by-range.html,7,3,597,410,1.17%,0.73%,12.9,21.17
https://freetoolonline.com/compress-image.html,6,5,316,255,1.9%,1.96%,9.96,13.22
https://freetoolonline.com/text-html-editor.html,6,4,289,281,2.08%,1.42%,20.47,30.19
https://freetoolonline.com/text-diff.html,5,3,1859,1425,0.27%,0.21%,8.87,11.77
https://freetoolonline.com/svg-to-png.html,5,1,542,187,0.92%,0.53%,11.07,24.13
https://freetoolonline.com/gif-maker.html,5,4,206,158,2.43%,2.53%,47.27,52.76
https://freetoolonline.com/png-to-svg.html,4,1,267,60,1.5%,1.67%,11.83,19.08
https://freetoolonline.com/video-maker.html,3,4,560,364,0.54%,1.1%,62.63,65.9
https://freetoolonline.com/keyboard-test.html,2,0,847,325,0.24%,0%,25.4,46.4
https://freetoolonline.com/css-unminifier.html,2,2,397,321,0.5%,0.62%,12.29,14.32
https://freetoolonline.com/base64-to-image.html,2,2,277,230,0.72%,0.87%,7.1,9.48
https://freetoolonline.com/css-gradient-generator.html,2,3,196,95,1.02%,3.16%,9.93,19.74
https://freetoolonline.com/compose-pdf.html,2,3,118,91,1.69%,3.3%,9.22,11.97
https://freetoolonline.com/images-to-pdf.html,2,2,115,108,1.74%,1.85%,8.97,48.81
https://freetoolonline.com/about-us.html,2,0,114,46,1.75%,0%,10.6,3.63
https://freetoolonline.com/video-converter.html,2,1,52,26,3.85%,3.85%,16.21,13.73
https://freetoolonline.com/flatten-pdf.html,1,1,1025,1243,0.1%,0.08%,41.16,49.11
https://freetoolonline.com/get-time-in-millisecond.html,1,3,807,544,0.12%,0.55%,9.81,17.21
https://freetoolonline.com/qr-code-generator.html,1,2,232,114,0.43%,1.75%,24.19,25.65
https://freetoolonline.com/image-to-base64.html,1,3,185,159,0.54%,1.89%,10.61,14.76
https://freetoolonline.com/pdf-to-text.html,1,1,162,614,0.62%,0.16%,51.97,62.66
https://freetoolonline.com/remove-zip-password.html?utm_source=internal&utm_medium=leftmenu,1,0,1,0,100%,0%,1,0
https://freetoolonline.com/js-minifier.html,0,0,1238,606,0%,0%,6.2,17.23
https://freetoolonline.com/css-minifier.html,0,0,1214,1051,0%,0%,2.99,3.56
https://freetoolonline.com/protect-pdf-by-password.html,0,0,413,972,0%,0%,50.9,63.17
https://freetoolonline.com/json-parser.html,0,3,265,406,0%,0.74%,18.5,26.93
https://freetoolonline.com/tags.html,0,0,184,140,0%,0%,5.46,2.79
https://freetoolonline.com/microphone-test.html,0,1,79,160,0%,0.62%,30.94,45.17
https://freetoolonline.com/contact-us.html,0,0,57,45,0%,0%,4.79,2.82
https://freetoolonline.com/insights-image-optimizer.html,0,0,35,18,0%,0%,27.77,17.33
https://freetoolonline.com/join-pdf-from-multiple-files.html,0,0,20,19,0%,0%,31.6,75.05
https://freetoolonline.com/pdf-to-images.html,0,0,18,9,0%,0%,24.67,47.89
https://freetoolonline.com/developer-tools.html,0,0,15,0,0%,0%,6.4,0
https://freetoolonline.com/zip-tools.html,0,0,13,0,0%,0%,3.31,0
https://freetoolonline.com/privacy-policy.html,0,0,12,12,0%,0%,10,1.5
https://freetoolonline.com/utility-tools.html,0,0,7,0,0%,0%,2.43,0
https://freetoolonline.com/image-converter-tools.html,0,0,7,0,0%,0%,5,0
https://freetoolonline.com/image-tools.html,0,0,6,0,0%,0%,1.5,0
https://freetoolonline.com/split-pdf-to-each-pages.html,0,0,5,9,0%,0%,11,25.67
https://freetoolonline.com/pdf-tools.html,0,0,1,0,0%,0%,7,0